bank_txn_id,bank_date,bank_amount,bank_description,vendor_parsed,cc_cards,cc_payment_link_count,direct_wave_bill_count,allocated_wave_bill_count,wave_bill_count,wave_bill_rows,wave_bill_total,wave_bill_allocated_total,wave_vs_bank_coverage_pct
350,2025-05-13,408.58,Internet Banking INTERNET TRANSFER000000124759 4500*********318,318,318,1,0,0,0,,0.0,0.0,0.0
354,2025-05-05,49.03,Internet Banking INTERNET TRANSFER000000212363 4500*********318,318,318,1,0,0,0,,0.0,0.0,0.0
355,2025-05-05,50.7,Internet Banking INTERNET TRANSFER000000224154 4500*********318,318,318,1,0,0,0,,0.0,0.0,0.0
356,2025-05-05,51.08,Internet Banking INTERNET TRANSFER000000238360 4500*********318,318,318,1,0,1,1,656,51.08,51.08,100.0
357,2025-05-05,51.07,Internet Banking INTERNET TRANSFER000000223103 4500*********318,318,318,1,0,0,0,,0.0,0.0,0.0
366,2025-04-24,19.45,Internet Banking INTERNET TRANSFER000000239588 4500*********318,318,318,1,1,1,1,688,19.45,19.45,100.0
368,2025-04-24,333.91,Internet Banking INTERNET TRANSFER000000239082 4500*********318,318,318,1,1,1,1,690,333.91,333.91,100.0
369,2025-04-24,27.83,Internet Banking INTERNET TRANSFER000000226086 4500*********318,318,318,1,0,1,1,691,27.83,27.83,100.0
371,2025-04-24,121.94,Internet Banking INTERNET TRANSFER000000224206 4500*********318,318,318,1,1,0,1,687,121.94,0.0,0.0
372,2025-04-24,45.99,Internet Banking INTERNET TRANSFER000000219119 4500*********318,318,318,1,0,0,0,,0.0,0.0,0.0
393,2025-04-11,132.68,Internet Banking INTERNET TRANSFER000000209665 4500*********318,318,318,1,0,0,0,,0.0,0.0,0.0
394,2025-04-11,132.68,Internet Banking INTERNET TRANSFER000000232671 4500*********318,318,318,1,0,0,0,,0.0,0.0,0.0
395,2025-04-11,131.53,Internet Banking INTERNET TRANSFER000000232524 4500*********318,318,318,1,0,0,0,,0.0,0.0,0.0
396,2025-04-11,132.68,Internet Banking INTERNET TRANSFER000000223432 4500*********318,318,318,1,0,0,0,,0.0,0.0,0.0
397,2025-04-11,132.68,Internet Banking INTERNET TRANSFER000000209412 4500*********318,318,318,1,0,0,0,,0.0,0.0,0.0
404,2025-04-08,72.26,Internet Banking INTERNET TRANSFER000000123303 4500*********318,318,318,1,1,1,1,682,72.26,72.26,100.0
406,2025-04-08,68.55,Internet Banking INTERNET TRANSFER000000131654 4500*********318,318,318,1,0,1,1,684,68.55,68.55,100.0
428,2025-03-26,59.52,Internet Banking INTERNET TRANSFER000000207786 4500*********318,318,318,1,1,1,1,676,59.52,59.52,100.0
429,2025-03-26,93.02,Internet Banking INTERNET TRANSFER000000207570 4500*********318,318,318,1,1,1,1,674,93.02,93.02,100.0
430,2025-03-26,8.92,Internet Banking INTERNET TRANSFER000000221991 4500*********318,318,318,1,0,1,1,672,8.92,8.92,100.0
431,2025-03-26,97.19,Internet Banking INTERNET TRANSFER000000221837 4500*********318,318,318,1,1,1,1,671,97.19,97.19,100.0
442,2025-03-20,120.68,Internet Banking INTERNET TRANSFER000000200356 4500*********318,318,318,1,0,1,1,658,120.68,120.68,100.0
443,2025-03-20,12.64,Internet Banking INTERNET TRANSFER000000200055 4500*********318,318,318,1,0,1,1,660,12.64,12.64,100.0
444,2025-03-20,20.68,Internet Banking INTERNET TRANSFER000000216612 4500*********318,318,318,1,0,1,1,659,20.68,20.68,100.0
446,2025-03-20,34.49,Internet Banking INTERNET TRANSFER000000232270 4500*********318,318,318,1,0,1,1,664,34.49,34.49,100.0
447,2025-03-20,116.58,Internet Banking INTERNET TRANSFER000000232002 4500*********318,318,318,1,0,0,0,,0.0,0.0,0.0
448,2025-03-20,2531.83,Internet Banking INTERNET TRANSFER000000229549 5268*********154,154,154,1,0,0,0,,0.0,0.0,0.0
449,2025-03-20,166.28,Internet Banking INTERNET TRANSFER000000228795 4500*********318,318,318,1,1,1,1,668,166.28,166.28,100.0
450,2025-03-20,682.18,Internet Banking INTERNET TRANSFER000000215345 4500*********318,318,318,1,1,1,1,667,682.18,682.18,100.0
453,2025-03-18,157.07,Internet Banking INTERNET TRANSFER000000123208 4500*********318,318,318,1,0,1,1,661,1393.93,157.07,100.0
454,2025-03-18,1236.86,Internet Banking INTERNET TRANSFER000000119217 4500*********318,318,318,1,0,1,1,661,1393.93,1236.86,100.0
459,2025-03-17,58.62,Internet Banking INTERNET TRANSFER000000233425 4500*********318,318,318,1,1,0,1,649,58.62,0.0,0.0
460,2025-03-17,37.92,Internet Banking INTERNET TRANSFER000000210685 4500*********318,318,318,1,1,0,1,652,37.92,0.0,0.0
461,2025-03-17,19.54,Internet Banking INTERNET TRANSFER000000233183 4500*********318,318,318,1,1,0,1,651,19.54,0.0,0.0
462,2025-03-17,195.45,Internet Banking INTERNET TRANSFER000000233002 4500*********318,318,318,1,1,0,1,650,195.46,0.0,0.0
464,2025-03-17,110.86,Internet Banking INTERNET TRANSFER000000231745 4500*********318,318,318,1,0,1,1,657,110.86,110.86,100.0
466,2025-03-17,80.08,Internet Banking INTERNET TRANSFER000000231004 4500*********318,318,318,1,0,1,1,654,80.08,80.08,100.0
468,2025-03-17,1869.91,Internet Banking INTERNET TRANSFER000000230086 5268*********154,154,154,1,0,0,0,,0.0,0.0,0.0
469,2025-03-17,27.6,Internet Banking INTERNET TRANSFER000000239486 4500*********318,318,318,1,0,1,1,645,27.6,27.6,100.0
470,2025-03-17,21.81,Internet Banking INTERNET TRANSFER000000238704 4500*********318,318,318,1,0,0,0,,0.0,0.0,0.0
471,2025-03-17,66.17,Internet Banking INTERNET TRANSFER000000238346 4500*********318,318,318,1,0,1,1,644,66.17,66.17,100.0
472,2025-03-17,305.31,Internet Banking INTERNET TRANSFER000000224078 4500*********318,318,318,1,1,1,1,643,305.31,305.31,100.0
475,2025-03-17,44.95,Internet Banking INTERNET TRANSFER000000223004 4500*********318,318,318,1,0,1,1,642,44.95,44.95,100.0
501,2025-03-05,412.83,Internet Banking INTERNET TRANSFER000000123015 4500*********318,318,318,1,0,0,0,,0.0,0.0,0.0
516,2025-02-27,632.28,Internet Banking INTERNET TRANSFER000000233434 4500*********318,318,318,1,1,0,1,629,632.28,0.0,0.0
519,2025-02-27,1958.2,Internet Banking INTERNET TRANSFER000000134508 5268*********154,154,154,1,0,0,0,,0.0,0.0,0.0
520,2025-02-27,193.24,Internet Banking INTERNET TRANSFER000000134104 4500*********318,318,318,1,0,1,1,621,193.24,193.24,100.0
523,2025-02-27,26.25,Internet Banking INTERNET TRANSFER000000128460 4500*********318,318,318,1,0,1,1,609,26.25,26.25,100.0
524,2025-02-27,49.27,Internet Banking INTERNET TRANSFER000000127940 4500*********318,318,318,1,0,1,1,624,49.27,49.27,100.0
525,2025-02-27,129.86,Internet Banking INTERNET TRANSFER000000127351 4500*********318,318,318,1,0,1,1,622,129.86,129.86,100.0
526,2025-02-27,15.61,Internet Banking INTERNET TRANSFER000000110149 4500*********318,318,318,1,0,1,1,634,15.61,15.61,100.0
528,2025-02-27,282.0,Internet Banking INTERNET TRANSFER000000105803 4500*********318,318,318,1,0,0,0,,0.0,0.0,0.0
555,2025-02-12,601.67,Internet Banking INTERNET TRANSFER000000112387 4500*********318,318,318,1,1,1,1,605,601.67,601.67,100.0
556,2025-02-12,329.65,Internet Banking INTERNET TRANSFER000000203455 4500*********318,318,318,1,0,1,1,607,329.65,329.65,100.0
557,2025-02-12,4391.25,Internet Banking INTERNET TRANSFER000000226583 5268*********154,154,154,1,0,0,0,,0.0,0.0,0.0
558,2025-02-12,2314.34,Internet Banking INTERNET TRANSFER000000226144 5268*********154,154,154,1,0,0,0,,0.0,0.0,0.0
559,2025-02-12,155.41,Internet Banking INTERNET TRANSFER000000214182 4500*********318,318,318,1,0,1,1,608,155.41,155.41,100.0
560,2025-02-12,21.01,Internet Banking INTERNET TRANSFER000000225716 4500*********318,318,318,1,0,1,1,595,21.01,21.01,100.0
562,2025-02-12,1033.68,Internet Banking INTERNET TRANSFER000000213701 4500*********318,318,318,1,1,1,1,615,1033.68,1033.68,100.0
564,2025-02-12,119.04,Internet Banking INTERNET TRANSFER000000201689 5268*********154,154,154,1,0,0,0,,0.0,0.0,0.0
565,2025-02-12,11.69,Internet Banking INTERNET TRANSFER000000237080 5268*********154,154,154,1,0,0,0,,0.0,0.0,0.0
576,2025-02-10,40.74,Internet Banking INTERNET TRANSFER000000136083 4500*********318,318,318,1,1,0,1,503,40.74,0.0,0.0
577,2025-02-10,36.79,Internet Banking INTERNET TRANSFER000000107356 4500*********318,318,318,1,0,0,0,,0.0,0.0,0.0
578,2025-02-10,72.22,Internet Banking INTERNET TRANSFER000000114754 4500*********318,318,318,1,0,0,0,,0.0,0.0,0.0
605,2025-01-27,79.7,Internet Banking INTERNET TRANSFER000000220129 5268*********154,154,154,1,0,0,0,,0.0,0.0,0.0
606,2025-01-27,76.91,Internet Banking INTERNET TRANSFER000000229528 5268*********154,154,154,1,0,0,0,,0.0,0.0,0.0
608,2025-01-27,42.18,Internet Banking INTERNET TRANSFER000000212562 5268*********154,154,154,1,0,0,0,,0.0,0.0,0.0
609,2025-01-27,60.0,Internet Banking INTERNET TRANSFER000000212447 5268*********154,154,154,1,0,1,1,509,60.0,60.0,100.0
610,2025-01-27,121.89,Internet Banking INTERNET TRANSFER000000227569 5268*********154,154,154,1,1,1,1,578,121.89,121.89,100.0
612,2025-01-27,400.0,Internet Banking INTERNET TRANSFER000000227045 5268*********154,154,154,2,0,1,1,576,566.01,800.0,200.0
613,2025-01-27,28.0,Internet Banking INTERNET TRANSFER000000212141 4500*********318,318,318,1,0,0,0,,0.0,0.0,0.0
614,2025-01-27,185.03,Internet Banking INTERNET TRANSFER000000235128 4500*********318,318,318,1,0,0,0,,0.0,0.0,0.0
615,2025-01-27,146.15,Internet Banking INTERNET TRANSFER000000234778 4500*********318,318,318,1,0,0,0,,0.0,0.0,0.0
616,2025-01-27,228.83,Internet Banking INTERNET TRANSFER000000234567 4500*********318,318,318,1,0,0,0,,0.0,0.0,0.0
617,2025-01-27,90.9,Internet Banking INTERNET TRANSFER000000206076 4500*********318,318,318,1,0,0,0,,0.0,0.0,0.0
618,2025-01-27,16.4,Internet Banking INTERNET TRANSFER000000234084 4500*********318,318,318,1,0,0,0,,0.0,0.0,0.0
644,2025-01-16,29.21,Internet Banking INTERNET TRANSFER000000112952 4500*********318,318,318,1,0,0,0,,0.0,0.0,0.0
645,2025-01-16,14.4,Internet Banking INTERNET TRANSFER000000202511 5268*********154,154,154,1,0,0,0,,0.0,0.0,0.0
646,2025-01-16,407.1,Internet Banking INTERNET TRANSFER000000219840 4500*********318,318,318,1,0,0,0,,0.0,0.0,0.0
647,2025-01-16,90.08,Internet Banking INTERNET TRANSFER000000238032 5268*********154,154,154,1,0,0,0,,0.0,0.0,0.0
648,2025-01-16,2415.47,Internet Banking INTERNET TRANSFER000000237617 5268*********154,154,154,1,0,0,0,,0.0,0.0,0.0
649,2025-01-16,36.0,Internet Banking INTERNET TRANSFER000000201393 5268*********154,154,154,1,0,0,0,,0.0,0.0,0.0
650,2025-01-16,129.29,Internet Banking INTERNET TRANSFER000000200866 5268*********154,154,154,1,0,0,0,,0.0,0.0,0.0
652,2025-01-16,642.89,Internet Banking INTERNET TRANSFER000000209476 5268*********154,154,154,1,0,0,0,,0.0,0.0,0.0
653,2025-01-16,337.47,Internet Banking INTERNET TRANSFER000000208978 5268*********154,154,154,1,0,0,0,,0.0,0.0,0.0
654,2025-01-16,340.67,Internet Banking INTERNET TRANSFER000000217589 4500*********318,318,318,1,0,0,0,,0.0,0.0,0.0
677,2025-01-08,108.4,Internet Banking INTERNET TRANSFER000000209054 5268*********154,154,154,1,0,0,0,,0.0,0.0,0.0
678,2025-01-08,55.86,Internet Banking INTERNET TRANSFER000000213081 5268*********154,154,154,1,0,0,0,,0.0,0.0,0.0
679,2025-01-08,691.66,Internet Banking INTERNET TRANSFER000000212813 4500*********318,318,318,1,1,1,1,551,691.66,691.66,100.0
680,2025-01-08,48.16,Internet Banking INTERNET TRANSFER000000208777 5268*********154,154,154,1,0,0,0,,0.0,0.0,0.0
681,2025-01-08,76.22,Internet Banking INTERNET TRANSFER000000208552 5268*********154,154,154,1,0,0,0,,0.0,0.0,0.0
698,2024-12-31,63.95,Internet Banking INTERNET TRANSFER000000201335 5268*********154,154,154,1,0,0,0,,0.0,0.0,0.0
699,2024-12-31,17.24,Internet Banking INTERNET TRANSFER000000230134 5268*********154,154,154,1,0,0,0,,0.0,0.0,0.0
713,2024-12-20,2152.03,Internet Banking INTERNET TRANSFER000000138982 5268*********154,154,154,1,0,0,0,,0.0,0.0,0.0
714,2024-12-20,400.0,Internet Banking INTERNET TRANSFER000000138414 5268*********154,154,154,2,0,1,1,487,654.74,400.0,100.0
726,2024-12-16,83.35,Internet Banking INTERNET TRANSFER000000236880 5268*********154,154,154,1,0,0,0,,0.0,0.0,0.0
729,2024-12-16,30.51,Internet Banking INTERNET TRANSFER000000200410 5268*********154,154,154,1,0,0,0,,0.0,0.0,0.0
740,2024-12-12,688.84,Internet Banking INTERNET TRANSFER000000228879 4500*********318,318,318,1,1,1,1,525,688.84,688.84,100.0
744,2024-12-11,118.97,Internet Banking INTERNET TRANSFER000000124028 5268*********154,154,154,1,0,0,0,,0.0,0.0,0.0
745,2024-12-11,75.79,Internet Banking INTERNET TRANSFER000000139965 5268*********154,154,154,1,0,1,1,516,75.79,75.79,100.0
753,2024-12-09,279.81,Internet Banking INTERNET TRANSFER000000134545 5268*********154,154,154,1,0,0,0,,0.0,0.0,0.0
754,2024-12-09,37.77,Internet Banking INTERNET TRANSFER000000129151 5268*********154,154,154,1,0,0,0,,0.0,0.0,0.0
756,2024-12-09,283.48,Internet Banking INTERNET TRANSFER000000101098 5268*********154,154,154,1,0,0,0,,0.0,0.0,0.0
771,2024-12-03,258.12,Internet Banking INTERNET TRANSFER000000130163 5268*********154,154,154,1,0,0,0,,0.0,0.0,0.0
773,2024-12-03,16.78,Internet Banking INTERNET TRANSFER000000129642 5268*********154,154,154,1,0,0,0,,0.0,0.0,0.0
774,2024-12-03,62.88,Internet Banking INTERNET TRANSFER000000129483 5268*********154,154,154,1,0,0,0,,0.0,0.0,0.0
775,2024-12-03,368.59,Internet Banking INTERNET TRANSFER000000128944 5268*********154,154,154,1,1,1,1,500,368.59,368.59,100.0
778,2024-12-03,400.0,Internet Banking INTERNET TRANSFER000000127489 5268*********154,154,154,1,0,1,1,487,654.74,400.0,100.0
779,2024-12-03,30.02,Internet Banking INTERNET TRANSFER000000135363 4500*********318,318,318,1,0,0,0,,0.0,0.0,0.0
780,2024-12-03,24.66,Internet Banking INTERNET TRANSFER000000134238 5268*********154,154,154,1,0,1,1,489,24.66,24.66,100.0
783,2024-12-03,218.46,Internet Banking INTERNET TRANSFER000000137162 5268*********154,154,154,1,0,1,1,493,218.46,218.46,100.0
784,2024-12-03,24.76,Internet Banking INTERNET TRANSFER000000136201 5268*********154,154,154,1,0,1,1,495,24.76,24.76,100.0
786,2024-12-03,64.98,Internet Banking INTERNET TRANSFER000000134762 4500*********318,318,318,1,0,0,0,,0.0,0.0,0.0
821,2024-11-18,1090.96,Internet Banking INTERNET TRANSFER000000128707 5268*********154,154,154,1,0,0,0,,0.0,0.0,0.0
822,2024-11-18,251.76,Internet Banking INTERNET TRANSFER000000107381 5268*********154,154,154,1,1,0,1,483,251.76,0.0,0.0
823,2024-11-18,89.84,Internet Banking INTERNET TRANSFER000000105233 4500*********318,318,318,1,0,0,0,,0.0,0.0,0.0
824,2024-11-18,1787.76,Internet Banking INTERNET TRANSFER000000104735 5268*********154,154,154,1,0,0,0,,0.0,0.0,0.0
839,2024-11-12,550.87,Internet Banking INTERNET TRANSFER000000118009 5268*********154,154,154,1,0,0,0,,0.0,0.0,0.0
841,2024-11-12,570.59,Internet Banking INTERNET TRANSFER000000114876 4500*********318,318,318,1,1,1,1,467,570.59,570.59,100.0
842,2024-11-12,62.03,Internet Banking INTERNET TRANSFER000000111399 5268*********154,154,154,1,0,0,0,,0.0,0.0,0.0
844,2024-11-12,106.26,Internet Banking INTERNET TRANSFER000000135501 5268*********154,154,154,1,0,0,0,,0.0,0.0,0.0
846,2024-11-12,279.08,Internet Banking INTERNET TRANSFER000000118620 5268*********154,154,154,1,0,0,0,,0.0,0.0,0.0
858,2024-11-06,32.74,Internet Banking INTERNET TRANSFER000000105928 4500*********318,318,318,1,0,0,0,,0.0,0.0,0.0
865,2024-11-04,274.78,Internet Banking INTERNET TRANSFER000000116353 4500*********318,318,318,1,1,0,1,436,274.78,0.0,0.0
866,2024-11-04,105.9,Internet Banking INTERNET TRANSFER000000134984 4500*********318,318,318,1,0,0,0,,0.0,0.0,0.0
872,2024-11-04,32.23,Internet Banking INTERNET TRANSFER000000204199 5268*********154,154,154,1,0,0,0,,0.0,0.0,0.0
873,2024-11-04,627.63,Internet Banking INTERNET TRANSFER000000220997 4500*********318,318,318,1,1,1,1,459,627.63,627.63,100.0
874,2024-11-04,1672.89,Internet Banking INTERNET TRANSFER000000227411 5268*********154,154,154,1,0,0,0,,0.0,0.0,0.0
887,2024-10-28,479.32,Internet Banking INTERNET TRANSFER000000106305 5268*********154,154,154,1,0,0,0,,0.0,0.0,0.0
889,2024-10-28,93.02,Internet Banking INTERNET TRANSFER000000113542 4500*********318,318,318,1,1,1,1,445,93.02,93.02,100.0
891,2024-10-28,78.3,Internet Banking INTERNET TRANSFER000000129150 5268*********154,154,154,1,0,0,0,,0.0,0.0,0.0
892,2024-10-28,22.0,Internet Banking INTERNET TRANSFER000000128873 5268*********154,154,154,1,0,0,0,,0.0,0.0,0.0
906,2024-10-24,1472.83,Internet Banking INTERNET TRANSFER000000101589 5268*********154,154,154,1,0,0,0,,0.0,0.0,0.0
918,2024-10-22,236.91,Internet Banking INTERNET TRANSFER000000211166 5268*********154,154,154,1,0,0,0,,0.0,0.0,0.0
920,2024-10-21,1869.09,Internet Banking INTERNET TRANSFER000000234448 5268*********154,154,154,1,0,0,0,,0.0,0.0,0.0
921,2024-10-21,322.88,Internet Banking INTERNET TRANSFER000000225955 5268*********154,154,154,1,0,0,0,,0.0,0.0,0.0
924,2024-10-21,294.71,Internet Banking INTERNET TRANSFER000000203404 5268*********154,154,154,1,0,0,0,,0.0,0.0,0.0
945,2024-10-15,130.41,Internet Banking INTERNET TRANSFER000000135019 5268*********154,154,154,1,0,0,0,,0.0,0.0,0.0
951,2024-10-11,49.55,Internet Banking INTERNET TRANSFER000000202871 5268*********154,154,154,1,0,0,0,,0.0,0.0,0.0
952,2024-10-11,531.07,Internet Banking INTERNET TRANSFER000000202309 4500*********318,318,318,1,1,1,1,417,531.07,531.07,100.0
966,2024-10-07,2083.23,Internet Banking INTERNET TRANSFER000000201708 5268*********154,154,154,1,0,0,0,,0.0,0.0,0.0
967,2024-10-07,15.76,Internet Banking INTERNET TRANSFER000000201472 5268*********154,154,154,1,0,0,0,,0.0,0.0,0.0
968,2024-10-07,932.33,Internet Banking INTERNET TRANSFER000000214523 5268*********154,154,154,1,0,0,0,,0.0,0.0,0.0
971,2024-10-07,275.41,Internet Banking INTERNET TRANSFER000000213813 5268*********154,154,154,1,0,0,0,,0.0,0.0,0.0
975,2024-10-02,56.33,Internet Banking INTERNET TRANSFER000000224890 5268*********154,154,154,1,0,0,0,,0.0,0.0,0.0
980,2024-10-01,807.55,Internet Banking INTERNET TRANSFER000000128256 5268*********154,154,154,1,0,1,1,245,807.55,807.55,100.0
982,2024-10-01,355.22,Internet Banking INTERNET TRANSFER000000119658 5268*********154,154,154,1,0,0,0,,0.0,0.0,0.0
985,2024-10-01,130.54,Internet Banking INTERNET TRANSFER000000125078 5268*********154,154,154,1,1,0,1,347,130.54,0.0,0.0
986,2024-10-01,91.98,Internet Banking INTERNET TRANSFER000000139147 5268*********154,154,154,1,0,0,0,,0.0,0.0,0.0
995,2024-09-27,1781.97,Internet Banking INTERNET TRANSFER000000239030 5268*********154,154,154,1,0,0,0,,0.0,0.0,0.0
996,2024-09-27,1114.45,Internet Banking INTERNET TRANSFER000000206884 5268*********154,154,154,1,0,0,0,,0.0,0.0,0.0
1009,2024-09-23,334.42,Internet Banking INTERNET TRANSFER000000208073 5268*********154,154,154,1,0,0,0,,0.0,0.0,0.0
1020,2024-09-18,321.65,Internet Banking INTERNET TRANSFER000000108348 5268*********154,154,154,1,0,0,0,,0.0,0.0,0.0
1021,2024-09-18,248.44,Internet Banking INTERNET TRANSFER000000128444 5268*********154,154,154,1,0,0,0,,0.0,0.0,0.0
1022,2024-09-18,159.35,Internet Banking INTERNET TRANSFER000000117393 5268*********154,154,154,1,0,0,0,,0.0,0.0,0.0
1023,2024-09-18,30.44,Internet Banking INTERNET TRANSFER000000117199 4500*********318,318,318,1,1,1,1,361,30.44,30.44,100.0
1024,2024-09-18,63.03,Internet Banking INTERNET TRANSFER000000134693 5268*********154,154,154,1,0,0,0,,0.0,0.0,0.0
1039,2024-09-09,14.42,Internet Banking INTERNET TRANSFER000000121697 5268*********154,154,154,1,0,0,0,,0.0,0.0,0.0
1040,2024-09-09,38.45,Internet Banking INTERNET TRANSFER000000120708 5268*********154,154,154,1,0,0,0,,0.0,0.0,0.0
1049,2024-09-05,336.4,Internet Banking INTERNET TRANSFER000000237259 5268*********154,154,154,1,0,0,0,,0.0,0.0,0.0
1053,2024-09-03,130.54,Internet Banking INTERNET TRANSFER000000201730 5268*********154,154,154,1,0,0,0,,0.0,0.0,0.0
1054,2024-09-03,40.53,Internet Banking INTERNET TRANSFER000000238569 4500*********318,318,318,1,1,1,1,338,40.53,40.53,100.0
1056,2024-09-03,1390.42,Internet Banking INTERNET TRANSFER000000237498 5268*********154,154,154,1,0,0,0,,0.0,0.0,0.0
1066,2024-08-19,101.78,Internet Banking INTERNET TRANSFER000000106669 4500*********318,318,318,1,0,0,0,,0.0,0.0,0.0
1067,2024-08-19,237.89,Internet Banking INTERNET TRANSFER000000120577 4500*********318,318,318,1,1,0,1,335,237.89,0.0,0.0
1068,2024-08-19,1080.39,Internet Banking INTERNET TRANSFER000000124984 5268*********154,154,154,1,0,0,0,,0.0,0.0,0.0
1072,2024-08-08,135.55,Internet Banking INTERNET TRANSFER000000237967 4500*********318,318,318,1,1,1,1,332,135.55,135.55,100.0
1073,2024-08-08,14.01,Internet Banking INTERNET TRANSFER000000229242 4500*********318,318,318,1,0,1,1,330,14.01,14.01,100.0
1079,2024-07-12,29.78,Internet Banking INTERNET TRANSFER000000229611 4500*********318,318,318,1,1,1,1,326,29.78,29.78,100.0
1093,2024-05-31,34.81,Internet Banking INTERNET TRANSFER000000103886 4500*********318,318,318,1,1,1,1,319,34.81,34.81,100.0
1094,2024-05-31,213.52,Internet Banking INTERNET TRANSFER000000136681 4500*********318,318,318,1,1,1,1,320,213.52,213.52,100.0
1096,2024-05-28,288.65,Internet Banking INTERNET TRANSFER000000212236 4500*********318,318,318,1,1,0,1,161,288.65,0.0,0.0
1097,2024-05-27,29.64,Internet Banking INTERNET TRANSFER000000138055 4500*********318,318,318,1,1,1,1,317,29.64,29.64,100.0
1098,2024-05-27,80.86,Internet Banking INTERNET TRANSFER000000203338 5268*********154,154,154,1,1,0,1,260,80.86,0.0,0.0
1102,2024-05-21,87.27,Internet Banking INTERNET TRANSFER000000115305 4500*********318,318,318,1,0,0,0,,0.0,0.0,0.0
1103,2024-05-21,65.14,Internet Banking INTERNET TRANSFER000000112922 4500*********318,318,318,1,0,0,0,,0.0,0.0,0.0
1104,2024-05-21,71.11,Internet Banking INTERNET TRANSFER000000121694 4500*********318,318,318,1,0,1,1,316,71.11,71.11,100.0
1111,2024-05-09,858.3,Internet Banking INTERNET TRANSFER000000218450 5268*********154,154,154,1,0,0,0,,0.0,0.0,0.0
1115,2024-05-07,20.08,Internet Banking INTERNET TRANSFER000000208749 4500*********318,318,318,1,1,1,1,310,20.08,20.08,100.0
1116,2024-05-07,31.94,Internet Banking INTERNET TRANSFER000000226660 5268*********154,154,154,1,1,0,1,247,31.94,0.0,0.0
1117,2024-05-07,62.84,Internet Banking INTERNET TRANSFER000000226403 5268*********154,154,154,1,1,0,1,311,62.84,0.0,0.0
1118,2024-05-06,209.89,Internet Banking INTERNET TRANSFER000000101966 4500*********318,318,318,1,1,1,1,308,209.89,209.89,100.0
1119,2024-05-06,63.28,Internet Banking INTERNET TRANSFER000000127051 4500*********318,318,318,1,0,1,1,307,63.28,63.28,100.0
1120,2024-05-06,19.9,Internet Banking INTERNET TRANSFER000000132766 4500*********318,318,318,1,0,1,1,309,19.9,19.9,100.0
1124,2024-04-30,128.18,Internet Banking INTERNET TRANSFER000000134240 4500*********318,318,318,1,1,0,1,152,128.18,0.0,0.0
1127,2024-04-23,222.59,Internet Banking INTERNET TRANSFER000000202558 4500*********318,318,318,1,0,0,0,,0.0,0.0,0.0
1135,2024-04-22,65.49,Internet Banking INTERNET TRANSFER000000131705 4500*********318,318,318,1,1,1,1,299,65.49,65.49,100.0
1136,2024-04-22,28.92,Internet Banking INTERNET TRANSFER000000131323 4500*********318,318,318,1,0,1,1,300,28.92,28.92,100.0
1137,2024-04-22,94.92,Internet Banking INTERNET TRANSFER000000105583 4500*********318,318,318,1,0,1,1,293,94.92,94.92,100.0
1144,2024-04-16,136.11,Internet Banking INTERNET TRANSFER000000139430 4500*********318,318,318,1,0,0,0,,0.0,0.0,0.0
1145,2024-04-16,29.88,Internet Banking INTERNET TRANSFER000000113021 4500*********318,318,318,1,0,1,1,296,29.88,29.88,100.0
1146,2024-04-16,35.15,Internet Banking INTERNET TRANSFER000000112735 4500*********318,318,318,1,0,1,1,294,35.15,35.15,100.0
1147,2024-04-16,231.21,Internet Banking INTERNET TRANSFER000000127847 4500*********318,318,318,1,1,0,1,304,231.21,0.0,0.0
1155,2024-04-12,27.43,Internet Banking INTERNET TRANSFER000000235596 5268*********154,154,154,1,1,1,1,291,27.43,27.43,100.0
1156,2024-04-12,14.46,Internet Banking INTERNET TRANSFER000000229265 5268*********154,154,154,1,0,0,0,,0.0,0.0,0.0
1157,2024-04-12,667.47,Internet Banking INTERNET TRANSFER000000211080 5268*********154,154,154,1,1,1,1,290,667.47,667.47,100.0
1158,2024-04-12,168.62,Internet Banking INTERNET TRANSFER000000210502 5268*********154,154,154,1,0,0,0,,0.0,0.0,0.0
1167,2024-04-08,203.78,Internet Banking INTERNET TRANSFER000000233286 5268*********154,154,154,1,0,0,0,,0.0,0.0,0.0
1168,2024-04-08,107.35,Internet Banking INTERNET TRANSFER000000233134 5268*********154,154,154,1,0,0,0,,0.0,0.0,0.0
1169,2024-04-08,19.95,Internet Banking INTERNET TRANSFER000000232904 5268*********154,154,154,1,0,0,0,,0.0,0.0,0.0
1174,2024-04-04,811.89,Internet Banking INTERNET TRANSFER000000117407 5268*********154,154,154,1,1,0,1,281,811.89,0.0,0.0
1175,2024-04-04,1251.73,Internet Banking INTERNET TRANSFER000000116720 5268*********154,154,154,1,0,0,0,,0.0,0.0,0.0
1193,2024-03-25,41.18,Internet Banking INTERNET TRANSFER000000105487 4500*********318,318,318,1,1,1,1,271,41.18,41.18,100.0
1194,2024-03-25,236.56,Internet Banking INTERNET TRANSFER000000118582 4500*********318,318,318,1,1,1,1,272,236.56,236.56,100.0
1195,2024-03-25,1325.74,Internet Banking INTERNET TRANSFER000000103542 5268*********154,154,154,1,1,1,1,269,1325.74,1325.74,100.0
1204,2024-03-20,54.21,Internet Banking INTERNET TRANSFER000000121073 4500*********318,318,318,1,1,1,1,268,54.21,54.21,100.0
1205,2024-03-20,43.83,Internet Banking INTERNET TRANSFER000000120285 4500*********318,318,318,1,0,1,1,265,43.83,43.83,100.0
1206,2024-03-20,227.43,Internet Banking INTERNET TRANSFER000000113688 4500*********318,318,318,1,1,1,1,266,227.43,227.43,100.0
1207,2024-03-20,182.39,Internet Banking INTERNET TRANSFER000000135967 4500*********318,318,318,1,0,1,1,263,182.39,182.39,100.0
1208,2024-03-20,133.28,Internet Banking INTERNET TRANSFER000000135533 4500*********318,318,318,1,0,1,1,262,133.28,133.28,100.0
1216,2024-03-14,632.49,Internet Banking INTERNET TRANSFER000000201606 5268*********154,154,154,1,0,0,0,,0.0,0.0,0.0
1217,2024-03-14,45.95,Internet Banking INTERNET TRANSFER000000238227 5268*********154,154,154,1,0,0,0,,0.0,0.0,0.0
1219,2024-03-14,1612.59,Internet Banking INTERNET TRANSFER000000211268 5268*********154,154,154,1,0,0,0,,0.0,0.0,0.0
1235,2024-03-11,21.94,Internet Banking INTERNET TRANSFER000000212772 4500*********318,318,318,1,1,1,1,249,21.94,21.94,100.0
1236,2024-03-11,143.62,Internet Banking INTERNET TRANSFER000000212345 5268*********154,154,154,1,1,0,1,273,143.62,0.0,0.0
1249,2024-03-06,12.07,Internet Banking INTERNET TRANSFER000000213774 4500*********318,318,318,1,1,1,1,237,12.07,12.07,100.0
1250,2024-03-06,43.52,Internet Banking INTERNET TRANSFER000000213543 4500*********318,318,318,1,1,1,1,235,43.52,43.52,100.0
1252,2024-03-06,21.3,Internet Banking INTERNET TRANSFER000000212677 4500*********318,318,318,1,0,1,1,239,21.3,21.3,100.0
1254,2024-03-06,1238.76,Internet Banking INTERNET TRANSFER000000229265 5268*********154,154,154,1,0,0,0,,0.0,0.0,0.0
1268,2024-02-27,1665.98,Internet Banking INTERNET TRANSFER000000121061 5268*********154,154,154,1,1,1,1,232,1665.98,1665.98,100.0
1270,2024-02-26,59.88,Internet Banking INTERNET TRANSFER000000214130 4500*********318,318,318,1,1,1,1,230,59.88,59.88,100.0
1271,2024-02-26,29.95,Internet Banking INTERNET TRANSFER000000213837 4500*********318,318,318,1,0,1,1,229,29.95,29.95,100.0
1272,2024-02-26,98.97,Internet Banking INTERNET TRANSFER000000213158 5268*********154,154,154,1,0,0,0,,0.0,0.0,0.0
1274,2024-02-26,47.96,Internet Banking INTERNET TRANSFER000000212597 4500*********318,318,318,1,0,1,1,228,47.96,47.96,100.0
1275,2024-02-26,381.01,Internet Banking INTERNET TRANSFER000000212012 4500*********318,318,318,1,0,1,1,219,381.01,381.01,100.0
1288,2024-02-22,51.3,Internet Banking INTERNET TRANSFER000000215149 4500*********318,318,318,1,1,1,1,220,51.3,51.3,100.0
1289,2024-02-22,119.82,Internet Banking INTERNET TRANSFER000000214197 4500*********318,318,318,1,1,1,1,218,119.82,119.82,100.0
1292,2024-02-22,2249.31,Internet Banking INTERNET TRANSFER000000230122 5268*********154,154,154,1,0,0,0,,0.0,0.0,0.0
1293,2024-02-22,13.0,Internet Banking INTERNET TRANSFER000000209804 4500*********318,318,318,1,0,1,1,203,13.0,13.0,100.0
1295,2024-02-22,105.54,Internet Banking INTERNET TRANSFER000000238389 4500*********318,318,318,1,0,1,1,209,105.54,105.54,100.0
1298,2024-02-22,59.96,Internet Banking INTERNET TRANSFER000000237428 4500*********318,318,318,1,0,1,1,212,59.96,59.96,100.0
1299,2024-02-22,11.47,Internet Banking INTERNET TRANSFER000000237240 4500*********318,318,318,1,0,1,1,204,11.47,11.47,100.0
1300,2024-02-22,36.19,Internet Banking INTERNET TRANSFER000000213217 4500*********318,318,318,1,0,1,1,201,36.19,36.19,100.0
1302,2024-02-22,961.43,Internet Banking INTERNET TRANSFER000000107176 4500*********318,318,318,1,1,1,1,207,961.43,961.43,100.0
1318,2024-02-12,249.71,Internet Banking INTERNET TRANSFER000000216078 5268*********154,154,154,1,0,0,0,,0.0,0.0,0.0
1325,2024-02-07,82.03,Internet Banking INTERNET TRANSFER000000116745 4500*********318,318,318,1,1,1,1,193,82.03,82.03,100.0
1326,2024-02-07,205.93,Internet Banking INTERNET TRANSFER000000105717 4500*********318,318,318,1,1,1,1,195,205.93,205.93,100.0
1333,2024-02-01,67.8,Internet Banking INTERNET TRANSFER000000209307 4500*********318,318,318,1,1,1,1,184,67.8,67.8,100.0
1334,2024-02-01,40.01,Internet Banking INTERNET TRANSFER000000208195 5268*********154,154,154,1,0,0,0,,0.0,0.0,0.0
1335,2024-02-01,1873.93,Internet Banking INTERNET TRANSFER000000224009 5268*********154,154,154,1,1,1,1,190,1873.93,1873.93,100.0
1336,2024-02-01,140.38,Internet Banking INTERNET TRANSFER000000108400 4500*********318,318,318,1,1,1,1,179,140.38,140.38,100.0
1337,2024-02-01,434.74,Internet Banking INTERNET TRANSFER000000100614 4500*********318,318,318,1,0,0,0,,0.0,0.0,0.0
1341,2024-01-30,1521.97,Internet Banking INTERNET TRANSFER000000213231 5268*********154,154,154,1,1,0,1,173,1521.97,0.0,0.0
1343,2024-01-29,53.52,Internet Banking INTERNET TRANSFER000000209780 4500*********318,318,318,1,1,1,1,187,53.52,53.52,100.0
1344,2024-01-29,11.79,Internet Banking INTERNET TRANSFER000000231872 4500*********318,318,318,1,0,1,1,178,11.79,11.79,100.0
1345,2024-01-29,11.07,Internet Banking INTERNET TRANSFER000000231729 4500*********318,318,318,1,0,1,1,181,11.07,11.07,100.0
1346,2024-01-29,30.13,Internet Banking INTERNET TRANSFER000000210541 4500*********318,318,318,1,0,1,1,185,30.13,30.13,100.0
1347,2024-01-29,1489.8,Internet Banking INTERNET TRANSFER000000210092 5268*********154,154,154,1,0,0,0,,0.0,0.0,0.0
1348,2024-01-29,25.88,Internet Banking INTERNET TRANSFER000000219667 4500*********318,318,318,1,0,1,1,182,25.88,25.88,100.0
1349,2024-01-29,48.23,Internet Banking INTERNET TRANSFER000000219421 4500*********318,318,318,1,0,1,1,171,48.23,48.23,100.0
1368,2024-01-22,63.75,Internet Banking INTERNET TRANSFER000000130952 4500*********318,318,318,1,0,1,1,164,63.75,63.75,100.0
1369,2024-01-22,28.92,Internet Banking INTERNET TRANSFER000000130745 4500*********318,318,318,1,0,1,1,176,28.92,28.92,100.0
1370,2024-01-22,104.03,Internet Banking INTERNET TRANSFER000000130437 4500*********318,318,318,1,1,0,1,76,104.03,0.0,0.0
1371,2024-01-22,54.49,Internet Banking INTERNET TRANSFER000000105426 4500*********318,318,318,1,0,1,1,174,54.49,54.49,100.0
1372,2024-01-22,7.38,Internet Banking INTERNET TRANSFER000000112780 4500*********318,318,318,1,0,1,1,175,7.38,7.38,100.0
1378,2024-01-17,84.97,Internet Banking INTERNET TRANSFER000000200011 5268*********154,154,154,1,0,0,0,,0.0,0.0,0.0
1379,2024-01-17,39.99,Internet Banking INTERNET TRANSFER000000209916 5268*********154,154,154,1,0,0,0,,0.0,0.0,0.0
1387,2024-01-10,58.76,Internet Banking INTERNET TRANSFER000000203423 4500*********318,318,318,1,0,1,1,52,58.76,58.76,100.0
1388,2024-01-10,192.37,Internet Banking INTERNET TRANSFER000000231179 4500*********318,318,318,1,0,0,0,,0.0,0.0,0.0
1391,2024-01-10,288.65,Internet Banking INTERNET TRANSFER000000127724 4500*********318,318,318,1,0,1,1,161,288.65,288.65,100.0
1393,2024-01-09,39.87,Internet Banking INTERNET TRANSFER000000101612 4500*********318,318,318,1,0,0,0,,0.0,0.0,0.0
1394,2024-01-09,34.49,Internet Banking INTERNET TRANSFER000000223234 5268*********154,154,154,1,0,0,0,,0.0,0.0,0.0
1395,2024-01-09,22.99,Internet Banking INTERNET TRANSFER000000239016 5268*********154,154,154,1,0,0,0,,0.0,0.0,0.0
1398,2024-01-08,38.42,Internet Banking INTERNET TRANSFER000000105351 4500*********318,318,318,1,1,1,1,163,38.42,38.42,100.0
1399,2024-01-08,1996.38,Internet Banking INTERNET TRANSFER000000105256 5268*********154,154,154,1,0,0,0,,0.0,0.0,0.0
1401,2024-01-08,74.14,Internet Banking INTERNET TRANSFER000000122941 5268*********154,154,154,1,0,0,0,,0.0,0.0,0.0
1402,2024-01-08,292.3,Internet Banking INTERNET TRANSFER000000106868 4500*********318,318,318,1,0,1,1,159,312.4,292.3,100.0
1403,2024-01-08,20.1,Internet Banking INTERNET TRANSFER000000106590 5268*********154,154,154,1,0,0,0,,0.0,0.0,0.0
1404,2024-01-08,20.1,Internet Banking INTERNET TRANSFER000000106334 4500*********318,318,318,1,0,1,1,159,312.4,20.1,100.0
1409,2024-01-04,27.53,Internet Banking INTERNET TRANSFER000000117064 4500*********318,318,318,1,0,1,1,104,27.53,27.53,100.0
1410,2024-01-04,14.32,Internet Banking INTERNET TRANSFER000000116437 4500*********318,318,318,1,0,1,1,103,14.32,14.32,100.0
1411,2024-01-04,33.66,Internet Banking INTERNET TRANSFER000000101631 4500*********318,318,318,1,1,0,1,102,33.66,0.0,0.0
1412,2024-01-04,102.54,Internet Banking INTERNET TRANSFER000000115749 4500*********318,318,318,1,0,0,0,,0.0,0.0,0.0
1413,2024-01-04,35.6,Internet Banking INTERNET TRANSFER000000115360 5268*********154,154,154,1,0,0,0,,0.0,0.0,0.0
1414,2024-01-04,43.42,Internet Banking INTERNET TRANSFER000000115149 4500*********318,318,318,1,0,0,0,,0.0,0.0,0.0
1415,2024-01-04,48.87,Internet Banking INTERNET TRANSFER000000114975 4500*********318,318,318,1,0,0,0,,0.0,0.0,0.0
1416,2024-01-04,27.53,Internet Banking INTERNET TRANSFER000000114671 4500*********318,318,318,1,0,0,0,,0.0,0.0,0.0
1421,2023-12-28,26.36,Internet Banking INTERNET TRANSFER000000121436 4500*********318,318,318,1,0,0,0,,0.0,0.0,0.0
1422,2023-12-28,28.68,Internet Banking INTERNET TRANSFER000000132044 4500*********318,318,318,1,0,0,0,,0.0,0.0,0.0
1424,2023-12-28,41.81,Internet Banking INTERNET TRANSFER000000129842 4500*********318,318,318,1,0,0,0,,0.0,0.0,0.0
1426,2023-12-28,265.37,Internet Banking INTERNET TRANSFER000000128628 4500*********318,318,318,1,0,0,0,,0.0,0.0,0.0
1437,2023-12-19,1212.36,Internet Banking INTERNET TRANSFER000000117514 5268*********154,154,154,1,1,1,1,144,1212.36,1212.36,100.0
1455,2023-12-08,192.37,Internet Banking INTERNET TRANSFER000000214217 4500*********318,318,318,1,0,0,0,,0.0,0.0,0.0
1458,2023-12-06,35.62,Internet Banking INTERNET TRANSFER000000238667 5268*********154,154,154,1,0,0,0,,0.0,0.0,0.0
1459,2023-12-06,36.08,Internet Banking INTERNET TRANSFER000000224348 4500*********318,318,318,1,1,1,1,141,36.08,36.08,100.0
1460,2023-12-06,1194.88,Internet Banking INTERNET TRANSFER000000223324 5268*********154,154,154,1,0,0,0,,0.0,0.0,0.0
1466,2023-12-04,31.31,Internet Banking INTERNET TRANSFER000000105312 5268*********154,154,154,1,0,0,0,,0.0,0.0,0.0
1469,2023-12-01,2129.38,Internet Banking INTERNET TRANSFER000000227674 5268*********154,154,154,1,0,0,0,,0.0,0.0,0.0
1471,2023-12-01,46.58,Internet Banking INTERNET TRANSFER000000224257 5268*********154,154,154,1,0,0,0,,0.0,0.0,0.0
1472,2023-12-01,82.12,Internet Banking INTERNET TRANSFER000000216253 4500*********318,318,318,1,0,0,0,,0.0,0.0,0.0
1473,2023-12-01,11.61,Internet Banking INTERNET TRANSFER000000215343 4500*********318,318,318,1,0,0,0,,0.0,0.0,0.0
1474,2023-12-01,281.63,Internet Banking INTERNET TRANSFER000000222848 4500*********318,318,318,1,0,0,0,,0.0,0.0,0.0
1475,2023-12-01,67.82,Internet Banking INTERNET TRANSFER000000213786 4500*********318,318,318,1,0,0,0,,0.0,0.0,0.0
1476,2023-12-01,66.95,Internet Banking INTERNET TRANSFER000000222384 5268*********154,154,154,1,0,0,0,,0.0,0.0,0.0
1482,2023-11-30,158.99,Internet Banking INTERNET TRANSFER000000222995 5268*********154,154,154,1,0,0,0,,0.0,0.0,0.0
1483,2023-11-30,11.48,Internet Banking INTERNET TRANSFER000000202835 5268*********154,154,154,1,0,0,0,,0.0,0.0,0.0
1489,2023-11-27,142.49,Internet Banking INTERNET TRANSFER000000207236 4500*********318,318,318,1,1,1,1,134,142.49,142.49,100.0
1494,2023-11-23,1659.22,Internet Banking INTERNET TRANSFER000000202718 5268*********154,154,154,1,0,0,0,,0.0,0.0,0.0
1506,2023-11-15,63.56,Internet Banking INTERNET TRANSFER000000100336 5268*********154,154,154,1,0,0,0,,0.0,0.0,0.0
1516,2023-11-08,138.0,Internet Banking INTERNET TRANSFER000000100431 5268*********154,154,154,1,0,0,0,,0.0,0.0,0.0
1517,2023-11-08,929.0,Internet Banking INTERNET TRANSFER000000134040 4500*********318,318,318,1,0,0,0,,0.0,0.0,0.0
1518,2023-11-08,110.92,Internet Banking INTERNET TRANSFER000000112821 4500*********318,318,318,1,1,1,1,121,110.92,110.92,100.0
1519,2023-11-08,57.49,Internet Banking INTERNET TRANSFER000000139065 4500*********318,318,318,1,0,1,1,124,57.49,57.49,100.0
1520,2023-11-08,1366.17,Internet Banking INTERNET TRANSFER000000105869 5268*********154,154,154,1,0,0,0,,0.0,0.0,0.0
1529,2023-11-03,76.01,Internet Banking INTERNET TRANSFER000000206582 4500*********318,318,318,1,1,1,1,120,76.01,76.01,100.0
1530,2023-11-03,185.39,Internet Banking INTERNET TRANSFER000000205702 4500*********318,318,318,1,1,1,1,119,185.39,185.39,100.0
1533,2023-11-02,68.32,Internet Banking INTERNET TRANSFER000000213929 4500*********318,318,318,1,0,0,0,,0.0,0.0,0.0
1534,2023-11-02,184.42,Internet Banking INTERNET TRANSFER000000100519 4500*********318,318,318,1,0,0,0,,0.0,0.0,0.0
1535,2023-11-02,7.15,Internet Banking INTERNET TRANSFER000000100235 4500*********318,318,318,1,0,0,0,,0.0,0.0,0.0
1537,2023-11-01,1977.98,Internet Banking INTERNET TRANSFER000000121221 5268*********154,154,154,1,0,0,0,,0.0,0.0,0.0
1538,2023-11-01,8.59,Internet Banking INTERNET TRANSFER000000233632 4500*********318,318,318,1,1,1,2,"22,23",17.18,8.59,100.0
1539,2023-11-01,631.81,Internet Banking INTERNET TRANSFER000000221703 5268*********154,154,154,1,1,0,1,107,631.81,0.0,0.0
1540,2023-11-01,1942.91,Internet Banking INTERNET TRANSFER000000102834 4500*********318,318,318,1,1,0,1,36,1942.91,0.0,0.0
1547,2023-10-30,91.59,Internet Banking INTERNET TRANSFER000000103420 4500*********318,318,318,1,0,0,0,,0.0,0.0,0.0
1548,2023-10-30,64.04,Internet Banking INTERNET TRANSFER000000234528 5268*********154,154,154,1,0,0,0,,0.0,0.0,0.0
1549,2023-10-30,45.99,Internet Banking INTERNET TRANSFER000000234274 4500*********318,318,318,1,0,0,0,,0.0,0.0,0.0
1550,2023-10-30,40.82,Internet Banking INTERNET TRANSFER000000218082 4500*********318,318,318,1,0,0,0,,0.0,0.0,0.0
1551,2023-10-30,586.57,Internet Banking INTERNET TRANSFER000000217646 5268*********154,154,154,1,0,0,0,,0.0,0.0,0.0
1554,2023-10-27,40.22,Internet Banking INTERNET TRANSFER000000124361 4500*********318,318,318,1,0,0,0,,0.0,0.0,0.0
1557,2023-10-25,38.19,Internet Banking INTERNET TRANSFER000000134496 4500*********318,318,318,1,1,0,1,13,38.19,0.0,0.0
1558,2023-10-25,5.74,Internet Banking INTERNET TRANSFER000000116347 4500*********318,318,318,1,0,1,1,10,5.74,5.74,100.0
1560,2023-10-25,1371.82,Internet Banking INTERNET TRANSFER000000119144 5268*********154,154,154,1,0,0,0,,0.0,0.0,0.0
1563,2023-10-24,78.83,Internet Banking INTERNET TRANSFER000000238906 5268*********154,154,154,1,0,0,0,,0.0,0.0,0.0
1564,2023-10-23,62.54,Internet Banking INTERNET TRANSFER000000101916 5268*********154,154,154,1,1,0,1,100,62.54,0.0,0.0
1565,2023-10-23,994.88,Internet Banking INTERNET TRANSFER000000101349 5268*********154,154,154,1,0,1,1,16,994.88,994.88,100.0
1570,2023-10-23,107.4,Internet Banking INTERNET TRANSFER000000103415 4500*********318,318,318,1,1,1,1,48,107.4,107.4,100.0
1571,2023-10-23,84.37,Internet Banking INTERNET TRANSFER000000102896 4500*********318,318,318,1,0,1,1,59,84.37,84.37,100.0
1573,2023-10-23,56.35,Internet Banking INTERNET TRANSFER000000115905 5268*********154,154,154,1,0,0,0,,0.0,0.0,0.0
1574,2023-10-23,40.18,Internet Banking INTERNET TRANSFER000000115606 5268*********154,154,154,1,0,0,0,,0.0,0.0,0.0
1575,2023-10-23,37.71,Internet Banking INTERNET TRANSFER000000115497 5268*********154,154,154,1,0,0,0,,0.0,0.0,0.0
1577,2023-10-23,303.97,Internet Banking INTERNET TRANSFER000000108267 4500*********318,318,318,1,1,0,1,40,303.97,0.0,0.0
1578,2023-10-23,51.75,Internet Banking INTERNET TRANSFER000000121103 4500*********318,318,318,1,0,1,1,33,51.75,51.75,100.0
1579,2023-10-23,25.61,Internet Banking INTERNET TRANSFER000000111901 4500*********318,318,318,1,0,1,1,34,25.61,25.61,100.0
1580,2023-10-23,582.38,Internet Banking INTERNET TRANSFER000000120607 5268*********154,154,154,1,0,1,1,24,582.38,582.38,100.0
1581,2023-10-23,643.63,Internet Banking INTERNET TRANSFER000000106609 4500*********318,318,318,1,1,0,1,,0.0,0.0,0.0
1582,2023-10-23,1523.52,Internet Banking INTERNET TRANSFER000000104882 5268*********154,154,154,1,0,1,1,46,1523.52,1523.52,100.0
1583,2023-10-23,70.1,Internet Banking INTERNET TRANSFER000000139013 5268*********154,154,154,1,2,0,2,"50,51",140.2,0.0,0.0
1584,2023-10-23,6.13,Internet Banking INTERNET TRANSFER000000117603 4500*********318,318,318,1,1,0,1,58,6.13,0.0,0.0
1585,2023-10-23,28.31,Internet Banking INTERNET TRANSFER000000117091 4500*********318,318,318,1,0,1,1,55,28.31,28.31,100.0
1586,2023-10-23,26.07,Internet Banking INTERNET TRANSFER000000138745 4500*********318,318,318,1,0,1,1,45,26.07,26.07,100.0
1587,2023-10-23,17.34,Internet Banking INTERNET TRANSFER000000138600 4500*********318,318,318,1,0,1,1,41,17.34,17.34,100.0
1588,2023-10-23,137.9,Internet Banking INTERNET TRANSFER000000104225 5268*********154,154,154,1,0,1,1,47,137.9,137.9,100.0
1589,2023-10-23,26.44,Internet Banking INTERNET TRANSFER000000113741 4500*********318,318,318,1,0,0,0,,0.0,0.0,0.0
1590,2023-10-23,25.32,Internet Banking INTERNET TRANSFER000000113102 4500*********318,318,318,1,0,0,0,,0.0,0.0,0.0
1591,2023-10-23,19.54,Internet Banking INTERNET TRANSFER000000102199 5268*********154,154,154,1,0,0,0,,0.0,0.0,0.0
1592,2023-10-23,29.95,Internet Banking INTERNET TRANSFER000000111804 4500*********318,318,318,1,0,0,0,,0.0,0.0,0.0
1593,2023-10-23,19.54,Internet Banking INTERNET TRANSFER000000111535 4500*********318,318,318,1,0,0,0,,0.0,0.0,0.0
1594,2023-10-23,29.95,Internet Banking INTERNET TRANSFER000000101750 4500*********318,318,318,1,0,0,0,,0.0,0.0,0.0
1595,2023-10-23,59.13,Internet Banking INTERNET TRANSFER000000100146 5268*********154,154,154,1,0,0,0,,0.0,0.0,0.0
1596,2023-10-23,167.85,Internet Banking INTERNET TRANSFER000000122519 5268*********154,154,154,1,1,0,1,95,167.85,0.0,0.0
1597,2023-10-23,10.24,Internet Banking INTERNET TRANSFER000000128265 5268*********154,154,154,1,0,0,0,,0.0,0.0,0.0
1598,2023-10-23,52.16,Internet Banking INTERNET TRANSFER000000136393 4500*********318,318,318,1,0,1,1,98,52.16,52.16,100.0
1601,2023-10-20,82.49,Internet Banking INTERNET TRANSFER000000120551 5268*********154,154,154,1,1,0,1,85,82.49,0.0,0.0
1602,2023-10-20,62.54,Internet Banking INTERNET TRANSFER000000120304 5268*********154,154,154,1,0,0,0,,0.0,0.0,0.0
1603,2023-10-20,224.07,Internet Banking INTERNET TRANSFER000000107895 5268*********154,154,154,1,1,0,1,89,224.07,0.0,0.0
1604,2023-10-20,29.96,Internet Banking INTERNET TRANSFER000000112207 4500*********318,318,318,1,1,1,1,78,29.96,29.96,100.0
1605,2023-10-20,851.32,Internet Banking INTERNET TRANSFER000000111163 5268*********154,154,154,1,0,0,0,,0.0,0.0,0.0
1606,2023-10-20,48.27,Internet Banking INTERNET TRANSFER000000211811 5268*********154,154,154,1,0,0,0,,0.0,0.0,0.0
1607,2023-10-20,236.73,Internet Banking INTERNET TRANSFER000000207327 5268*********154,154,154,1,0,0,0,,0.0,0.0,0.0
1608,2023-10-20,101.93,Internet Banking INTERNET TRANSFER000000205694 4500*********318,318,318,1,1,0,1,82,101.93,0.0,0.0
1637,2023-09-27,92.54,Internet Banking INTERNET TRANSFER000000237222 5268*********154,154,154,1,1,1,1,42,92.54,92.54,100.0
1638,2023-09-27,1215.36,Internet Banking INTERNET TRANSFER000000237150 5268*********154,154,154,1,1,1,1,72,1215.36,1215.36,100.0
1642,2023-09-27,2346.93,Internet Banking INTERNET TRANSFER000000215732 5268*********154,154,154,1,1,1,1,62,2346.93,2346.93,100.0
1643,2023-09-27,1129.51,Internet Banking INTERNET TRANSFER000000215084 5268*********154,154,154,1,0,0,0,,0.0,0.0,0.0
